Instrução,PPL,BLEU,ROUGE-1 F1,ROUGE-2 F1,ROUGE-L F1,Faithfulness,Answer Relevance,Plan Adherence,Gerado,Referência
Quais temas exploram a neurociência cognitiva e a ...,3.41,10.04,0.364,0.226,0.364,0.625,0.521,0.5,"O livro explora a neurociência cognitiva e a inteligência artificial em relaço às emoçes emocionais, emoçes emocionais, emoçes emocionais.","O livro explora a interseção da neurociência cognitiva, a psicologia, a filosofia e a IA, focando no conceito humano, a descoberta científica e o entendimento da mente."
Quais são alguns processos e funções intelectuais ...,3.72,2.45,0.133,0.047,0.089,0.429,0.33,0.5,"Processos e funçes intelectuais envolvidos na cogniço so aprendizagem, aprendizagem visual, aprendizagem auditoria, aprendizagem emocional, aprendizagem emocional, aprendizagem emocional.","A cognição envolve atenção, memória, linguagem, imaginação, julgamento,
avalição, resolução de problemas, planejamento e tomada de decisão."
Quais são os processos pelo qual os sinais sensori...,4.21,5.34,0.185,0.077,0.148,0.667,0.548,0.5,"Os sinais sensoriais so transformados e utilizados no cérebro pelo processo de aprendizagem, aprendizagem visual, aprendizagem auditoria, aprendizagem motor, aprendizagem auditoria, aprendizagem motor, aprendizagem motor.","Os sinais sensoriais são capturados, transmitidos para regiões do córtex, comunicados por conexões internas e combinados em áreas associativas para uma percepção integrada."
Qual é a função do sono NREM no desempenho cogniti...,4.11,2.55,0.303,0.129,0.242,0.667,0.533,0.5,"Sono NREM ajuda na desempenho cognitivo, ajudando a desenvolvimento emocional.","O sono NREM, particularmente o estágio de ondas lentas (SWS), é crucial para a consolidação da memória, melhorando o desempenho cognitivo."
Qual é o impacto da privação de sono na função cer...,4.02,1.53,0.341,0.154,0.293,0.167,0.133,0.5,O privaço de sono impair a funço cognitiva.,"A privação de sono pode levar a uma redução na consolidação das conexões neuronais, afetando atenção, tomada de decisão, plasticidade sináptica e memória."
Quais são os efeitos em longo prazo da privação do...,3.08,1.67,0.227,0.0,0.182,0.167,0.139,0.5,Os efeitos so a diminuiço da capacidade de aprendizagem e a diminuiço da capacidade de aprendizagem.,"A privação do sono em longo prazo é associada a doenças neurodegenerativas, como as demências, e afeta o desempenho intelectual, acadêmico e trabalho."
Qual é o papel do sono em a manutenção da saúde co...,3.46,8.35,0.468,0.311,0.468,0.375,0.312,0.5,O sono ajuda na manutenço da sade cognitiva e na eliminaço de substâncias.,"O sono ajuda na manutenção de uma função cognitiva saudável, consolidando memórias e permitindo a eliminação de beta-amiloide, reduzindo o risco de doenças neurodegenerativas."
Quais são os componentes da alma humana conforme d...,2.74,1.53,0.146,0.0,0.146,0.429,0.381,0.5,"Os componentes da alma humana so o cérebro, o córtex córtex, o córtex córtex, o córtex córtex, o córtex córtex, o córtex córtex.","Cognição, Emoção e Motivação."
Quais regiões do cérebro estão relacionadas a proc...,2.89,2.22,0.082,0.0,0.082,0.0,0.0,0.5,"O córtex pré-frontal, o córtex pré-frontal, o córtex pré-frontal, o córtex pré-frontal, o córtex pré-frontal, o córtex pré-frontal.","Processos cognitivos estão ligados às regiões corticais, emocionais aos subcorticais, como a amígdala e o hipocampo."
Quais são as consequências das emoções fortes na a...,2.8,3.41,0.298,0.178,0.298,0.667,0.606,0.5,Os emoçes fortes alteram a atividade cerebral relacionada ao controle atencional.,"Emoções fortes modulam a atividade do córtex pré-frontal, influenciando o controle atencional. Emocões negativas aumentam a vigilância para ameaças, enquanto emoções positivas podem melhorar a atenção geral."
Quais circuitos neurais mediam a modulação da aten...,2.96,3.58,0.205,0.108,0.205,0.125,0.101,0.5,"A atenço seletiva é modulada pelo córtex pré-frontal, o córtex pré-frontal, o córtex pré-frontal, o córtex pré-frontal, o córtex pré-frontal.",A amígdala e o córtex cingulado anterior.
Quais áreas cerebrais interagem nos processos de e...,4.41,2.66,0.211,0.167,0.211,0.143,0.127,0.5,"O córtex pré-frontal interagem com o córtex pré-frontal, e o córtex pré-frontal interagem com o córtex pré-frontal.","Córtex pré-frontal ventromedial, sistema de recompensa, sistema límbico, amígdala."
Quais regiões do cérebro ajudam a fortalecer a rep...,3.18,4.84,0.293,0.205,0.293,0.333,0.284,0.5,O córtex pré-frontal e o córtex pré-central ajudam a fortalecer a representaço neural de estmulos emocionais.,"Córtex visual primário, córtex temporal inferior, hipocampo, córtex órbito-frontal, córtex pré-frontal, lobo parietal."
Quais são as consequências da falta de atividade f...,5.16,2.35,0.145,0.038,0.109,0.667,0.533,0.0,"Falta de atividade fsica em adultos e crianças nas Estados Unidos entra em afetaçes cognitivas, emoçes emocionais, emoçes emocionais, emoçes emocionais.","Os adultos 74% são sedentários, crianças se tornam mais sedentárias, levando a níveis mais baixos de aptidão, doenças crônicas mais cedo."
Quais mudanças no cérebro são relacionadas à práti...,5.49,2.14,0.173,0.02,0.135,0.5,0.375,0.5,"A prática regular de exerccios fsicos resulta em mudanças no cérebro, como a reduço do nmero de cérebros, a reduço do nmero de córtex pré-frontal, a reduço do nmero de córtex pré-frontal, a reduço do nmero de córtex pré-frontal, a reduço do nmero de córtex pré-frontal.","Melhoria na plasticidade sináptica, aumento do fluxo sanguíneo cerebral, novas sinapses, fortalecimento das redes neurais, otimização da transmissão de informações, melhorias na atenção e memória. Modulação da atividade de neurotransmissores como a dopamina."
Quais são os benefícios da atividade física regula...,4.38,1.5,0.225,0.0,0.175,0.429,0.33,0.5,"O atividade fsica regular ajuda a melhorar a sade cerebral, ajudando a melhorar a sade cognitiva, ajudando a melhorar a sade cognitiva, ajudando a melhorar a sade cognitiva, ajudando a melhorar a sade cognitiva.","Aumenta a disponibilidade de dopamina, melhora a motivação e o entusiasmo para aprender, estimula a liberação de BDNF para crescimento de neurônios, melhora a aprendizagem, o humor, a memória e a atenção, e reduz a inflamação sistêmica e cerebral."
Qual é o benefício da prática regular de atividade...,1.88,11.28,0.545,0.258,0.485,0.5,0.442,0.5,O prática regular de atividade fsica reduce o estresse crônico e inflamaço.,"O exercício regular pode reduzir o estresse crônico, inflamação e melhorar a função cognitiva."
Que fatores ambientais podem influenciar o neurode...,5.16,1.84,0.054,0.0,0.054,0.4,0.311,0.5,"Fatores ambientais incluem ambientes como ambiente ambiental, ambiente ambiental ambiental, ambiente ambiental ambiental, ambiente ambiental ambiental, ambiente ambiental ambiental, ambiente ambiental ambiental, ambiente ambiental ambiental, ambiente ambiental ambiental, ambiente ambiental ambiental.",Privação sensorial e enriquecimento ambiental.
Quais são os efeitos do enriquecimento ambiental n...,7.74,0.07,0.128,0.044,0.085,0.5,0.438,0.5,O enriquecimento ambiental ajuda na desenvolvimento cognitivo.,"Enriquecimento ambiental melhora plasticidade cerebral, capacidade cognitiva, forma de sinapses, formação de dendríticas, vascularização, neurogênese. Ele aumenta neurotrofinas (NGF, NT-3, BDNF) e altera a ativação de neurônios colinérgicos, serotonina, receptores adrenérgicos."
Quais alterações na estrutura e conectividade neur...,2.22,16.3,0.4,0.357,0.4,0.6,0.531,0.5,Alteraçes na estrutura e conectividade neural esto associadas à privaço sensorial em infantes.,"Alterações na estrutura e conectividade neuronal, incluindo distúrbios perceptivos, cognitivos e sociais crônicos."
Qual é a importância de estudar o enriquecimento a...,3.89,4.8,0.25,0.053,0.2,0.625,0.491,0.5,Estudar o enriquecimento ambiental e privaço sensorial na neurociência é fundamental para entender o impacto na sade cognitiva.,"É essencial para desenvolver terapias que melhorem a saúde e o bem-estar, abordando o impacto no cérebro e comportamento."
Quais alterações moleculares são associadas ao nat...,8.64,2.26,0.039,0.0,0.039,0.143,0.127,0.5,"Alteraçes moleculares como alteraçes nas protenas, alteraçes nas protenas, alteraçes nas protenas, alteraçes nas protenas, alteraçes nas protenas.","Senescência neuronal, exaustão de células-tronco neurais, aumento da apoptose, agregação de proteínas, disfunção mitocondrial, acumulação de danos no DNA."
Qual é a faixa percentual de prevalência do declín...,14.47,5.26,0.0,0.0,0.0,0.444,0.389,1.0,Prevalência de declnio cognitivo em indivduos com mais de 60 anos é 15%.,Entre 6.7% e 25.2%.
Qual é a taxa anual de evolução do declínio cognit...,1.83,24.46,0.718,0.541,0.667,0.636,0.587,0.0,O taxa anual de evoluço do declnio cognitivo indica a probabilidade de desenvolvimento da demência.,"A taxa anual de evolução do declínio cognitivo é aproximadamente 5-17%, indicando uma alta probabilidade de desenvolvimento da demência."
Quais biomarcadores são utilizados para identifica...,9.64,2.07,0.077,0.0,0.077,0.714,0.607,0.5,Os biomarcadores utilizados para identificar a possibilidade de progresso da demência so os códigos emocionais e os códigos emocionais emocionais.,"Proteínas beta-amiloides, genótipo APOE4, níveis anormais de proteína tau no líquido cefalorraquidiano e depósitos de proteína tau nos lobo lateral temporal."
Quais são os principais sintomas da demência que a...,3.25,1.53,0.0,0.0,0.0,0.778,0.681,0.5,"Os sintomas de demência afetam a vida diária de pessoas idosas, incluindo a deficiência em aprendizagem, aprendizagem em aprendizagem, aprendizagem em aprendizagem, aprendizagem em aprendizagem em aprendizagem.","Deterioração da função cognitiva, impacto nas atividades sociais, ocupacionais e domésticas."
Quais são os dois principais grupos de demências m...,2.64,18.8,0.533,0.31,0.467,0.667,0.533,0.5,Os dois principais grupos de demências so Alzheimer e Parkinson. Os exames neurológicos têm como objetivo aprender mais sobre os diagnósticos de demências.,Os dois principais grupos são demências neurodegenerativas (como a Doença de Alzheimer) e não degenerativas. Os exames neurológicos ajudam a avaliar demências e outros distúrbios.
Quais marcadores histológicos são associados com d...,10.75,1.55,0.0,0.0,0.0,0.8,0.622,0.5,"Os marcadores histológicos so associados com demências como Alzheimer, Parkinson, adolescência, enfermidade, enfermidade, enfermidade, enfermidade, enfermidade, enfermidade, enfermidade, enfermidade, enfermidade, enfermidade, enfermidade, enfermidade, enfermidade, enfermidade.","Acumulação de proteínas, placas neuríticas, infusão intraneuronal, beta-amiloide, TAU, TDP-45, alfa-sinucleína, microtúbulos, MAPT, FUS."
Qual é uma desordem neurotóxica mencionada no text...,15.16,0.44,0.0,0.0,0.0,0.4,0.367,0.5,Desordem neurotóxica é um desordem neurológico.,"Hipotireoidismo, Desnutrição severa, Uremia crônica, Vitamina B12, Tiamina, Hepatopatias, Poluentes, Paratireoides, Síndromes Metabólicas, Encefalopatia de Wernicke."
Quais são as duas estratégias utilizadas para gere...,3.57,7.81,0.133,0.0,0.133,0.125,0.118,0.5,Os estratégias so rehabilitaço e rehabilitaço.,Tratamentos sintomáticos e intervenções.
Quais fatores podem controlar a transição do MCI p...,2.59,2.84,0.069,0.0,0.069,0.167,0.155,0.5,"Fatores como neurónios, neurónios, neurónios, neurónios, neurónios, neurónios.",Identificar fatores controláveis pode ajudar na transição do MCI para a demência.
Qual artigo discute os efeitos da privação ambient...,3.49,11.52,0.611,0.529,0.611,0.5,0.458,0.5,Efeitos da privaço ambiental no cérebro e associaçes com transtornos psiquiátricos.,O artigo de Sahoo et al. (2022) aborda-effects cerebrais da privação ambiental e associações com transtornos psiquiátricos.
Quais são os aspectos-chave da atenção em termos d...,5.71,1.98,0.364,0.129,0.303,0.143,0.121,0.5,A atenço é a base para a adaptaço psicológica.,"A atenção envolve a focalização consciente em uma tarefa principal, selecionando estímulos específicos para processamento, ignorando outros irrelevantes."
Qual é a sub-divisão do processo de desenvolviment...,4.21,1.39,0.158,0.056,0.158,0.286,0.214,0.5,"O processo de desenvolvimento da atenço está envolvido em aprendizagem, aprendizagem visual, aprendizagem auditoria, aprendizagem emocional, aprendizagem emocional, aprendizagem emocional, aprendizagem emocional, aprendizagem emocional, aprendizagem emocional.","Atenção seletiva, sustentada, atenção dividida e atenção alternada."
Qual é o conceito relacionado à capacidade de alte...,2.68,3.5,0.296,0.24,0.296,0.4,0.367,0.5,Alterar atenço entre tarefas sem muita dificuldade.,A atenção alternada é a capacidade de alternar atenção entre tarefas que exigem diferentes níveis de foco.
Quais condições podem causar alterações em mais de...,6.13,4.46,0.0,0.0,0.0,0.0,0.0,0.5,"Alteraçes em domnios cognitivos, emoçes emocionales, emoçes emocionales emocionales.","Ansiedade, depressão, esquizofrenia, dislexia, TDAH."
Quais estruturas do cérebro foram identificadas co...,3.28,1.95,0.321,0.111,0.321,0.25,0.216,0.5,"O circuito atencional inclui o córtex pré-frontal, o córtex pré-frontal, o córtex pré-frontal, o córtex pré-frontal, o córtex pré-frontal, o córtex pré-frontal, o córtex pré-frontal.","O tálamo, córtex parietal, córtex límbico, região frontal e córtex temporal."
Qual é o pico de sensibilidade à luz e em que part...,3.28,16.2,0.483,0.296,0.483,0.667,0.619,0.5,O pico de sensibilidade à luz é o pico de sensibilidade à luz em parte do espectro redutivo.,"O pico de sensibilidade é entre 450-480 nm, na porção azul do espectro."
Quais mecanismos biológicos estão relacionados ao ...,5.24,1.7,0.195,0.0,0.146,0.125,0.104,0.5,O envelhecimento afeta a atenço como a diminuiço da capacidade de atenço.,"Inflamação sistêmica, senescência celular, senescência imunológica, disfunções mitocondriais, propensão fibrótica, envelhecimento hormonal, alterações na composição corporal."
Qual condição neurológica está relacionada a uma p...,4.18,4.37,0.435,0.19,0.348,0.462,0.431,0.5,Deficit de memória e atenço leve com risco aumentado de doenças neurodegenerativas.,Envelhecimento com déficit de atenção leve.
Quais déficits cognitivos são comuns em indivíduos...,4.45,2.58,0.049,0.0,0.049,0.333,0.267,0.5,"Deficiências cognitivas, como déficits cognitivos envolvidos em aprendizagem, aprendizagem em aprendizagem, aprendizagem em aprendizagem, aprendizagem em aprendizagem.","TDAH afeta funções executivas, atenção seletiva, memória de trabalho, temporização e tomada de decisão baseada em recompensas."
Quais fatores estão associados à redução no volume...,6.13,1.48,0.118,0.0,0.118,0.615,0.543,0.5,A reduço na volume de matéria cinzenta do córtex cingulado anterior em adultos com TDAH é asociada a afetaço dos córtex cingulado anterior e a diminuiço do volume de córtex cingulado anterior.,"Fatores biológicos como baixo peso ao nascer, tabagismo, exposição a drogas e álcool prenatal, distúrbios psiquiátricos maternos, disfunção familiar e baixo nível socioeconômico."
"Quais sintomas descreve o termo ""hiperfoco"" em ind...",4.59,1.79,0.118,0.0,0.118,0.143,0.113,0.5,"O hiperfoco é caracterizado pelo apresentaço de apresentaçes emocionais, apresentaçes emocionais, apresentaçes emocionais, apresentaçes emocionais, apresentaçes emocionais, apresentaçes emocionais.",Hiperfoco na TDAH é intensa concentração em uma atividade.
Quais funções executivas são menos ativadas em ind...,5.36,3.11,0.0,0.0,0.0,0.571,0.508,0.5,Funçes executivas so menos ativadas em indivduos com dislexia.,Atividade da rede de atenção dorsal e das redes de atenção ventral.
Quais são as características clínicas da dislexia ...,4.14,2.44,0.05,0.0,0.05,0.4,0.3,0.5,"Dislexia em crianças é caracterizada pelo deficiência em entender palavras, em entender palavras, em entender palavras.","Deficits em percepção visual, processamento visual temporal, atenção, e possíveis condições oculares. Não todos apresentam prejuízos cognitivos."
Qual é a eficácia dos treinos de atenção visual em...,1.84,10.52,0.556,0.294,0.556,0.286,0.226,0.5,O treino de atenço visual é eficaz em melhorar a atenço visual em indivduos com dislexia.,Os treinos de atenção visual aumentam a velocidade e precisão da leitura em indivíduos com dislexia.
Quais são as funções temporais específicas da área...,5.85,5.89,0.564,0.432,0.564,0.6,0.531,0.5,As funçes temporais especficas do área ventral tegmental so controle de atenço e impulso.,Projeções temporais da Área Ventral Tegmental influenciam o controle de atenção e impulso no Núcleo Accumbens e Cortiço Prefrontal.
Quais biomarcadores são estudados em relação à cog...,1.6,8.3,0.588,0.4,0.588,0.375,0.324,0.5,Os biomarcadores em relaço à cogniço e estresse esto estudados.,Biomarcadores de cognição e estresse.
Quais são as implicações clínicas e tratativas de ...,3.66,3.14,0.235,0.062,0.176,0.5,0.442,0.5,O ADHD e Bipolar Disorder em adultos têm implicaçes clnicas e tratativas diferentes.,"Implicações incluem diagnóstico preciso e estratégias terapêuticas adequadas, considerando a interseção das condições."
"Quais áreas de estudo são abordadas no ""Neurociênc...",3.2,2.42,0.167,0.087,0.167,0.444,0.422,0.5,"Neurociência Cognitiva - Um Guia Neurocientfico para o Pensamento, Neurociência Cognitiva - Um Guia Neurocientfico para o Pensamento, Neurociência Cognitiva - Um Guia Neurocientfico para o Pensamento, Neurociência Cognitiva - Um Guia Neurocientfico para o Pensamento.","Neurociência Cognitiva, neurobiologia, desenvolvimento do cérebro, ciências da idade."
Qual é o estado de estar consciente e como está re...,3.55,5.59,0.4,0.207,0.3,0.667,0.606,0.5,O estado de estar consciente está relacionado com o nvel de alerta de um indivduo.,"O estado de estar consciente é um estado de lucidez e vigília que permite perceber e reagir aos estímulos, sendo um conhecimento de si mesmo e do ambiente, enquanto o nível de consciência está relacionado ao grau de alerta do indivíduo."
Quais são as principais características do nível d...,6.17,2.72,0.138,0.0,0.138,0.5,0.404,0.5,O nvel de consciência segundo o sistema RDOC é adequado em aprender e aprender emoçes emocionais.,Facilita a interação da pessoa com o ambiente adequadamente ao contexto.
Quais são as duas fontes pelas quais o nível de co...,5.04,3.67,0.083,0.0,0.083,0.375,0.324,0.5,O nvel de consciência pode ser modulado pelo neurónio e pelo neurónio.,Estímulos internos (pensamento) e estímulos ambientais (externos).
Quais são as regiões do cérebro responsável pelo e...,22.06,1.16,0.0,0.0,0.0,0.083,0.073,0.5,"Regies do cérebro incluem o córtex pré-frontal, o córtex pré-frontal, o córtex pré-frontal, o córtex pré-frontal, o córtex pré-frontal, o córtex pré-frontal, o córtex pré-frontal.",Tronco cerebral e diencéfalo.
Quais estruturas são consideradas significativas p...,7.87,4.11,0.333,0.118,0.222,0.75,0.625,0.5,Os estruturas do córtex frontal e do córtex parietal so consideradas significativas para a activaço cortical e o funcionamento da consciência.,"O SARA, tálamo, córtex parietal e pré-frontal direito."
Qual é o primeiro passo para avaliar o nível de co...,6.94,1.87,0.146,0.0,0.146,0.667,0.583,0.5,O primeiro passo para avaliar o nvel de consciência de um paciente em uma situaço de emergência é evaluar o nvel de consciência.,A avaliação primária e secundária (ABCDE) e a estabilização do paciente.
Qual é o escore mínimo na escala de coma de Glasgo...,3.69,1.24,0.146,0.021,0.125,0.75,0.625,0.5,"O escore mnimo na escala de coma de Glasgow (ECG) para um paciente com consciência é 0, e o escore mnimo na escala de coma de Glasgow (ECG) para uma paciente com consciência é 0, e o escore mnimo na escala de coma de Glasgow (ECG) para uma paciente com consciência é 0, e o escore mnimo na escala de coma de Glasgow (ECG) para uma paciente com consciência é 0, em qualquer caso.","O escore mínimo na ECG é 13, com 3 pontos atribuídos a cada um dos três parâmetros de resposta."
Quais os sinais clínicos observados na avaliação d...,6.37,0.9,0.068,0.0,0.068,0.286,0.243,0.5,"O fundo de olho é avaliado com o avaliaço de avaliaçes de olho, avaliaçes de avaliaçes de olho, avaliaçes de olho, avaliaçes de olho, avaliaçes de olho, avaliaçes de olho, avaliaçes de olho, avaliaçes de olho, avaliaçes de olho.",Sinais de doenças como diabetes e hipertensão intracraniana.
Qual tipo de pupila está associado ao SARA e ao ac...,42.52,2.84,0.095,0.0,0.095,0.8,0.8,0.5,O pupila está associado ao SARA e a acometimento de estruturas anatômicas adjacentes.,Pupila uncal ou do III nervo craniano.
"Qual manobra indica lesão do tronco cerebral, mas ...",10.26,1.51,0.062,0.0,0.062,0.75,0.656,0.5,"O manobra de retorno emocionado indica leso do tronco cerebral, mas no deve ser feito se houver suspeita de leso de coluna cervical.",Manobra oculocefálica; pode agravar um trauma medular associado.
Qual tipo de lesão indica movimentos oculares alte...,7.62,10.68,0.0,0.0,0.0,0.0,0.0,0.5,Lesiones na córtex ocular.,Lesões estruturais infratentoriais.
Quais são os padrões motores observados na pesquis...,7.87,4.32,0.067,0.0,0.067,0.667,0.583,0.5,"Os padres motores observados na pesquisa de reflexos so reflexos emocionais, reflexos emocionais, reflexos emocionais, reflexos emocionais.","Sinergismo postural flexor, sinergismo postural extensor, reflexos com simetria e sinais patológicos."
Qual é a função dos ritmos circadianos em relação ...,5.89,6.22,0.235,0.125,0.235,0.333,0.278,0.5,Os ritmos circadianos so importantes na aprendizagem e na aprendizagem cognitiva.,"Os ritmos circadianos regem as oscilações entre vigília e sono, essenciais para a homeostase e otimização da fisiologia do organismo."
Qual é a distinção entre alterações patológicas da...,5.04,5.75,0.308,0.162,0.256,0.429,0.339,0.5,"Alteraçes patológicas da consciência quantitativas envolvem alteraçes na aprendizagem, emoçes emocionales, emoçes emocionales emocionales.","Alterações quantitativas referem-se ao rebaixamento do nível da consciência, variando de obnubilação a coma."
Quais são as características de um paciente em tor...,5.04,3.76,0.267,0.047,0.222,0.5,0.404,0.5,"Sonolência patológica leve no envolve nenhuma alteraço cognitiva, enquanto torpor envolve nenhuma alteraço cognitiva.","Tormentos apresentam sonolência, reatividade a estímulos intensos e lentidão eletroencefalográfica, enquanto sonolência leve mostra dificuldade de concentração sem sonolência evidente."
Quais são sinais dos movimentos oculares errantes ...,5.41,3.66,0.353,0.125,0.353,0.636,0.61,0.5,Os movimentos oculares errantes e outros reflexos anormais so sinais de movimentos emocionais.,"Movimentos oculares errantes, nistagmo, transtornos do olhar conjugado, anormalidades dos reflexos oculocefálicos, oculovestibular e falta de reflexo de acomodação."
Que é um estado crepuscular no contexto da consciê...,5.41,19.14,0.429,0.2,0.333,0.75,0.562,0.5,O estado crepuscular é um estado em que a consciência está avançada em relaçes com o ambiente.,"Um estado crepuscular é um estado patológico transitório com obnubilação leve da consciência, mas conservação da atividade motora coordenada."
Quais sintomas podem indicar uma crise dissociativ...,13.59,2.52,0.074,0.0,0.074,0.556,0.47,0.5,"A crise dissociativa aguda com caractersticas pseudoepilépticas pode indicar emoçes emocionales, emoçes emocionales emocionales, emoçes emocionales emocionales.","Abalos musculares, convulsões, ansiedade intensa."
Quais são as referências citadas para a estratégia...,51.29,0.92,0.0,0.0,0.0,0.571,0.508,0.5,"Estratégia defensiva inconsciente é uma estratégia defensiva inconsciente em psicopatologia, enquanto a estratégia defensiva consciente é uma estratégia defensiva consciente em psicopatologia.","Dalgalarrondo P., DeMyer WE., Robert B. Doroff, Martins HS, Neto RA, Velasco IT., Lent R., Sadock BJ, Sadock VA, Ruiz P., Plum & Posner."
Quais funções são atribuídas ao núcleo locus coeru...,4.96,3.09,0.261,0.095,0.261,0.429,0.33,0.5,O ncleo locus coeruleus-norepinefrina atribui uma funço de controlo do comportamento emocional.,Melhora o desempenho adaptativo e a função cognitiva.
Qual tópico aborda Berrios e Berlinck em suas obra...,11.44,3.38,0.0,0.0,0.0,0.25,0.196,0.5,"Berrios e Berlinck abordam os temas de neurociência cognitiva, cogniço e sade.","Descriptive psychopathology, psicopatologia fundamental."
Qual região cerebral é fundamental para o desenvol...,6.42,0.35,0.364,0.3,0.364,0.0,0.0,0.5,O córtex pré-frontal.,"Córtex pré-frontal medial, cingulado anterior, giro frontal inferior, sulco temporal, amígdala, hipocampo e ínsula."
Qual é a relação entre cognição social e comportam...,4.96,2.41,0.364,0.129,0.303,0.429,0.364,0.5,Cogniço social e comportamento humano têm uma relaço emocionante.,"A cognição social influencia nossas decisões de comportamento, refletindo
nosmos pensamentos sobre relações sociais e experiências passadas."
Quais são os benefícios da cognição social na vida...,3.96,2.89,0.196,0.041,0.118,0.125,0.104,0.5,"O cogniço social ajuda na aprendizagem, aprendizagem emocional, aprendizagem emocional, aprendizagem emocional, aprendizagem emocional e aprendizagem emocional.","Na vida adulta, ajuda na resolução de conflitos e tomada de decisões; no período senil, promove a saúde mental e ajuda a lidar com solidão e desafios emocionais."
Quais mudanças na cognição social ocorrem durante ...,3.99,1.64,0.211,0.0,0.105,0.667,0.633,0.5,Os primeiros anos de vida ocorrem mudanças na cogniço social.,"As crianças desenvolvem uma compreensão avançada dos desejos, pensamentos e emoções dos outros, distinguindo-os de suas próprias sensações corporais."
Qual é o marco de desenvolvimento ao longo do prim...,4.24,4.32,0.258,0.138,0.194,0.909,0.909,0.5,O marco de desenvolvimento a longo do primeiro ano de vida indica a capacidade do bebê de seguir um objeto.,Seguir um objeto em 180 graus aos 2 meses de idade.
Quais são exemplos de marcos úteis para avaliar o ...,6.03,3.01,0.286,0.0,0.214,0.667,0.606,0.5,O desenvolvimento neuropsicomotor e da linguagem so exemplos de marcos teis para avaliar o desenvolvimento cognitivo.,"Desenvolvimento da teoria da mente, empatia, compreensão complexas de emoções."
Quais são os efeitos da socialização em desenvolvi...,8.12,2.05,0.121,0.0,0.061,0.0,0.0,0.5,"O socializaço ajuda na aprendizagem cognitiva, aprendizagem social, aprendizagem emocional, aprendizagem emocional, aprendizagem emocional e aprendizagem emocional.",Crianças socialmente isoladas têm QI e habilidades de compreensão verbal mais baixas.
Qual área do cérebro é responsável pela compressão...,2.37,49.76,0.909,0.889,0.909,0.0,0.0,0.5,O córtex pré-frontal.,O córtex pré-frontal medial.
Quais mudanças durante a transição de infância e a...,3.3,2.26,0.293,0.0,0.244,0.385,0.349,0.5,"O desenvolvimento de habilidades sociais e o bem-estar psicossocial so influenciados pelo desenvolvimento emocionado, o desenvolvimento emocionado, o desenvolvimento emocionado e o desenvolvimento emocionado.","Mudanças em habilidades cognitivas sociais, como processamento de emoções e desenvolvimento da mentalização."
Quais nós são responsáveis pela mentalização e par...,4.62,13.26,0.353,0.25,0.353,0.0,0.0,0.5,"O córtex pré-frontal, o córtex pré-frontal, o córtex pré-frontal, o córtex pré-frontal, o córtex pré-frontal.","O nó regulador, principalmente o córtex pré-frontal."
Quais fatores contribuem para o desenvolvimento fu...,4.21,4.55,0.25,0.067,0.187,0.889,0.808,0.5,"Fatores como a educaço, a educaço e a idade contribuem à desenvolvimento funcional e estrutural do cérebro social em adultos.","Dificuldades neurocognitivas, comportamento social e a influência do ambiente."
Quais recursos mentais contribuem para a capacidad...,4.21,3.04,0.2,0.0,0.133,0.5,0.458,0.5,"Os recursos mentais, como a emoço e a aprendizagem, contribuem a aprendizagem em contextos sociais.","Percepção social, teoria da mente, processamento das emoções sociais, raciocínio moral."
Quais fatores influenciam o desenvolvimento das ha...,2.59,2.55,0.148,0.0,0.148,0.5,0.45,0.5,O desenvolvimento de habilidades de cogniço social influencia o desenvolvimento de habilidades de cogniço social em adultos.,"Experiências de vida, educação e cultura."
Quais fatores podem influenciar as mudanças na cog...,2.68,1.3,0.127,0.0,0.127,0.333,0.274,0.5,"O envelhecimento envolve mudanças na cogniço social, como a diminuiço da capacidade de reconhecimento, a diminuiço da capacidade de reconhecimento, a diminuiço da capacidade de reconhecimento, a diminuiço da capacidade de reconhecimento, a diminuiço da capacidade de reconhecimento.","Fatores fisiológicos, estilo de vida, condições de saúde relacionadas à idade e experiências de vida."
Qual é o papel da cognição social em indivíduos co...,4.31,1.97,0.256,0.108,0.205,0.429,0.364,0.5,Os indivduos com a doença de Alzheimer têm a deficiência na cogniço social.,"A cognição social é impactada pelas emoções, o estado de saúde do idoso e outros fatores, afetando suas habilidades cognitivas."
Quais distúrbios podem afetar o desenvolvimento da...,5.94,5.07,0.0,0.0,0.0,0.0,0.0,0.5,"Distrbios emocionais, emocionais, emocionais, emocionais.","Transtorno do Espectro Autista, Transtorno Bipolar e Esquizofrenia."
Quais são os desafios enfrentados por indivíduos c...,2.29,10.5,0.545,0.286,0.455,0.5,0.429,0.5,Os indivduos com esquizofrenia enfrentam desafios em relaço à cogniço social e Teoria da Mente (ToM).,"Os indivíduos com esquizofrenia enfrentam dificuldades na cognição social, Teoria da Mente e no reconhecimento de intenções, emoções e linguagens não literais."
Quais são os impactos de uma capacidade prejudicad...,3.38,3.89,0.381,0.15,0.333,0.375,0.312,0.5,A capacidade prejudiciada de ToM impair a funço social e a sade mental.,"Uma capacidade prejudicada de ToM afeta negativamente o funcionamento social e agrava os sintomas psiquiátricos, levando a dificuldades em regular emoções e a retirada dos relacionamentos."
Quais são os efeitos dos déficits na cognição soci...,5.32,2.91,0.071,0.0,0.071,0.286,0.226,0.5,Deficiências na cogniço social em indivduos com demência impair a aprendizagem e a aprendizagem social.,Aprimoram os sintomas psiquiátricos e necessitam de tratamento individualizado.
Quais são as consequências das deficiências na men...,3.83,3.04,0.207,0.0,0.138,0.857,0.762,0.5,"Deficiências na mente e desenvolvimento neurológico na infância têm consequências na aprendizagem, aprendizagem e aprendizagem social.",Implicam em desafios no desenvolvimento social e cognitivo.
Quais são as associações entre inteligência e cogn...,1.64,51.59,0.878,0.667,0.732,0.7,0.642,0.5,Associaçes entre inteligência e cogniço social em crianças com e sem transtornos do espectro autista.,O estudo compara associações na cognição social e inteligência em crianças com e sem transtornos do espectro autista.
Quais aspectos da saúde mental são melhorados na t...,3.69,4.46,0.118,0.0,0.118,0.444,0.404,0.5,A sade mental é melhorada em terapia de transtorno bipolar.,"Função, qualidade de vida e bem-estar."
Quais são os componentes essenciais de um processo...,4.73,1.99,0.174,0.0,0.174,0.333,0.31,0.5,"Os componentes essenciais so a evaluaço, a evaluaço, a evaluaço, a evaluaço e a evaluaço.","O processo de tomada de decisão envolve identificar opções, estimar valores, comparar e escolher para atingir objetivos, minimizando custos de tempo e esforço."
Qual é a base do processo de tomada de decisão (TD...,3.52,21.22,0.256,0.216,0.256,0.2,0.163,0.5,"O processo de TD é baseado em objeçes emocionais, emocionais emocionais, emocionais emocionais, emocionais emocionais.","O processo de TD é baseado no conhecimento prévio ou crença, envolvendo fatores cognitivos, percepção do ambiente e análise de possibilidades."
Qual é a diferença entre tomada de decisão impulsi...,3.41,5.43,0.222,0.0,0.148,0.286,0.268,0.5,"A deciso impulsiva é impulsiva, e a deciso deliberativa é deliberativa.","Tomada de decisão impulsiva é rápida, envolvendo atalhos cognitivos, enquanto deliberativa é lenta, ponderando variáveis e riscos."
Quais três sistemas principais são envolvidos na t...,3.52,3.34,0.452,0.0,0.323,0.0,0.0,0.5,"O sistema cognitivo, o sistema emocionário e o sistema emocionário.","Sistema de codificação de estímulo, sistema de seleção de ação e sistema de recompensa esperada."
Qual é a função do córtex orbitofrontal no process...,3.38,10.18,0.4,0.242,0.4,0.429,0.339,0.5,"O córtex orbitofrontal ajuda na tomada de decises, ajudando na elaboraço de recomendaçes.",O córtex orbitofrontal é fundamental no sistema de codificação de estímulo durante a fase de análise.
Qual sistema neural interliga regiões cerebrais re...,3.03,8.42,0.455,0.143,0.318,0.75,0.696,0.5,"O sistema neural interliga regies cerebrais relacionadas com o prazer e recompensa, influenciando a tomada de deciso.","O sistema de recompensa esperada interliga regiões como amígdala e córtex pré-frontal, influenciando a escolha por recompensas com base no aprendizado do passado."
Qual região do cérebro é fundamental para a tomada...,3.23,4.53,0.458,0.217,0.375,0.111,0.097,0.5,"Sono influencia o córtex pré-frontal, o córtex pré-frontal, o córtex pré-frontal e o córtex pré-frontal.","O córtex pré-frontal sofre modulação da ínsula e do córtex cingulado, importante para a tomada de decisão influenciada pelo sono."
Quais são as características da fase 1 do sono?...,6.89,2.26,0.296,0.16,0.222,0.6,0.467,0.5,A fase 1 do sono é caracterizada pelo desenvolvimento emocional.,"Fase 1 é a fase mais leve com sono superficial, como um cochilo, e diminuição da atividade cerebral."
Quão muitas horas de sono um indivíduo precisa por...,3.52,2.52,0.24,0.0,0.16,0.636,0.568,0.5,A indivduo precisa de 8 horas de sono por noite para a regulaço completa do corpo e da mente.,De 7 a 9 horas.
Quais são os fatores influenciando a qualidade do ...,4.02,1.83,0.128,0.0,0.128,0.833,0.694,0.5,"Fatores influenciando a qualidade do sono e o julgamento incluem o ambiente, o ambiente ambiental, o ambiente ambiental, o ambiente ambiental, o ambiente ambiental e o ambiente ambiental.","Sono inconsciente, informations concientes, horas de sono, alimentação, eletrônicos, humor, emoções, emoções, emoções, julgamento."
Quais áreas do cérebro são implicadas na influênci...,2.18,4.55,0.278,0.118,0.278,0.0,0.0,0.5,"O córtex pré-frontal, o córtex pré-frontal, o córtex pré-frontal, o córtex pré-frontal, o córtex pré-frontal.",O córtex parietal e o sistema visual são implicados.
Qual é o papel das emoções na tomada de decisão?...,3.86,1.34,0.182,0.065,0.182,0.2,0.163,0.5,Os emoçes so importantes na tomada de deciso.,"As emoções podem levar a decisões precipitadas, cautelosas ou otimistas, impactando tanto a razão quanto a avaliação de opções."
Quais fatores influenciam a tomada de decisão econ...,2.49,3.47,0.526,0.278,0.263,0.583,0.542,0.5,Estresse psicológico e distrbios cognitivos influenciam a tomada de deciso econômica individual.,"A tomada de decisão econômica é influenciada pelo estresse psicológico, distúrbios cognitivos, labilidad emocional e os desafios financeiros, como a pobreza."
Qual é o papel do córtex pré-frontal e da dopamina...,4.21,10.74,0.452,0.276,0.452,0.625,0.562,0.5,O córtex pré-frontal e dopamina ajudam na tomada de decises econômicas.,"O córtex pré-frontal planeja decisões, e a dopamina aumenta a otimismo para escolhas recompensadoras."
Quais áreas do cérebro estão implicadas na conduçã...,12.18,1.24,0.0,0.0,0.0,0.588,0.502,0.5,O córtex pré-frontal e o córtex pré-central esto implicadas na conduço do comportamento de busca de recompensas baseado em valores emocionais e na tomada de deciso que avalia custo-benefcio.,"Amígdala, VTA, OFC, dmPFC, vmPFC."
Qual impacto as emoções morais têm nas decisões so...,3.33,6.77,0.25,0.0,0.167,0.5,0.438,0.5,Os emoçes morais têm impacto nas decises sociais.,Emotions como culpa e gratidão orientam o comportamento humano nas decisões sociais.
Quais sistemas cerebrais contribuem para a tomada ...,3.77,3.49,0.455,0.219,0.424,0.2,0.183,0.5,"Sistemas cerebrais como o córtex pré-frontal, o córtex pré-frontal, o córtex pré-frontal, o córtex pré-frontal, o córtex pré-frontal e o córtex pré-frontal.","O sistema emocional (amígdala, hipocampo), sistema de mentalização (junção temporoparietal, córtex pré-frontal dorsomedial), sistema recompensa (córtex pré-frontal ventromedial) e sistema de controle (córtex frontoparietal)."
Quais fatores influenciam a tomada de decisão huma...,4.38,2.97,0.0,0.0,0.0,0.167,0.146,0.5,"Fatores cognitivos, emoçes, emoçes, emoçes, emoçes.","Percepção sensorial, interação social, ambiente físico, estado emocional, personalidade, memórias, sono."
Quão a tomada de decisão impacta diferentes áreas ...,4.52,1.54,0.162,0.057,0.108,0.714,0.67,0.5,O tomada de deciso impacta diferentes áreas da vida.,"A tomada de decisão afeta psicologia clínica, fisiopatologia de transtornos mentais, economia comportamental, estratégias de decisões complexas, relações interpessoais, finanças e trabalho."
Quais áreas de estudo estão envolvidas na investig...,6.47,2.55,0.0,0.0,0.0,0.3,0.25,0.5,"Os processos de tomada de deciso esto envolvidos nas áreas de aprendizagem, aprendizagem e aprendizagem adolescente.","Neurociencia, Psicologia, Ergonômica."
Quais são alguns dos tópicos abordados pelos artig...,3.66,2.04,0.333,0.115,0.333,0.429,0.364,0.5,"Os artigos listados abordam tópicos como cogniço, cogniço adolescente, cogniço adolescente, cogniço adolescente, cogniço adolescente, cogniço adolescente e cogniço adolescente.","Cognição da tomada de decisão em doenças, cognição da tomada de decisão, impacto do sono na cognição humana e desenvolvimento."
Quais fatores podem influenciar a fisiologia do so...,6.32,4.46,0.0,0.0,0.0,0.125,0.118,0.5,"Fatores como neurónios, neurónios, neurónios, neurónios, neurónios.","Ambientes do sono, higiene do sono, emoções."
Quais emoções afetam a prontidão de ação em decisõ...,2.2,3.21,0.364,0.129,0.303,0.25,0.202,0.5,Emoçes como emoçes emocionais e emoçes emocionais afetam a prontido de aço em decises dirigidas a objetivos.,O medo e a felicidade modificam a prontidão de ação.
Quais fatores podem influenciar a tomada de decisã...,4.34,4.46,0.0,0.0,0.0,0.091,0.081,0.5,"Fatores cognitivos, emoçes emocionales, emoçes emocionales, emoçes emocionales.","Situação financeira, tempo, risco e alfabetização financeira."
Que mecanismos neuronais são discutidos no context...,1.78,12.21,0.3,0.211,0.3,0.375,0.324,0.5,"Aprendizagem social e tomada de deciso envolve aprendizagem social e tomada de deciso emocionada, aprendizagem social e tomada de deciso emocionada e aprendizagem social e tomada de deciso emocionada.",O mecanismo neural de aprendizagem social e tomada de decisão.
Qual é o papel do controle cognitivo na afetividad...,2.51,7.65,0.242,0.129,0.242,0.375,0.295,0.5,"O controle cognitivo afeta a afetividade emocionada, ajudando a melhorar o comportamento emocionado, ajudando a melhorar o comportamento emocionado.","O controle cognitivo na afetividade é usado para gerenciar experiências emocionais, positivas ou negativas."
Qual é a principal diferença entre emoção e sentim...,3.08,5.98,0.5,0.154,0.429,0.167,0.146,0.5,"Emoço é a emoço emocionada, e sentimento é a emoço emocionada.","A emoção é uma resposta inconsciente e autônoma, enquanto o sentimento é sua percepção consciente."
Quais emoções são consideradas primárias e como di...,3.66,2.29,0.186,0.098,0.093,0.167,0.146,0.5,"Primárias so emoçes emocionais, emoçes emocionais emocionais, emoçes emocionais emocionais, emoçes emocionais emocionais emocionais.","As emoções primárias são inatas e independentes do estímulo externo, enquanto as secundárias são moldadas por preceitos socioculturais."
Qual é a relação entre respostas motrôes e emoções...,4.38,1.87,0.263,0.167,0.263,0.25,0.225,0.5,"Os respostas motrôes so emocionais, e os emoçes no so emocionais.","Respostas motrôes, como rir ou chorar, são reflexos involuntários de emoções fortes, enquanto respostas voluminárias envolvem processamento neurofuncional mais complexo."
Quais regiões do cérebro são parte do Circuito de ...,3.99,11.34,0.256,0.19,0.256,0.2,0.177,0.5,"O Circuito de Papez inclui o córtex pré-frontal, o córtex pré-frontal, o córtex pré-frontal, o córtex pré-frontal, o córtex pré-frontal, o córtex pré-frontal, o córtex pré-frontal, o córtex pré-frontal, o córtex pré-frontal, o córtex pré-frontal, o córtex pré-frontal.","Circuito de Papez inclui o córtex cingulado, córtex orbitofrontal, amígdala, córtex parietal, hipocampo, hipotálamo e núcleos anteriores do tálamo."
Quais estruturas são envolvidas no processamento n...,6.42,1.18,0.08,0.055,0.08,0.0,0.0,0.5,"O córtex pré-frontal, córtex pré-frontal, córtex pré-frontal, córtex pré-frontal, córtex pré-frontal, córtex pré-frontal.","O córtex cingulado, gânglios da base, hipocampo, hipotálamo, sistema nervoso autônomo, sistema imunológico, formam o sistema límbico. O hipotálamo envia sinais para o tronco encefálico, retângulo formador do tronco encefálico, e sistema imunológico, influenciando respostas fisiológicas e comportamentais."
Quais são os principais mecanismos fisiológicos de...,18.87,2.74,0.148,0.0,0.148,0.143,0.121,0.5,O hipotálamo desencadea os neurónios e os neurónios emocionais.,"A regulação da pressão arterial, temperatura corporal, motilidade do trato gastrointestinal e osmolalidade."
Quais funções é responsável a amígdala em resposta...,4.02,2.11,0.286,0.061,0.229,0.25,0.202,0.5,A amgdala está responsável em relaço às emoçes e estmulos sensoriais.,"A amígdala processa emoções, gera respostas comportamentais, auxilia no relacionamento com o meio ambiente e modula funções afetivas."
Qual fator influencia fortemente o vínculo entre p...,6.52,4.46,0.1,0.0,0.1,0.444,0.404,0.5,Os pais influenciam o vnculo entre pais e crianças nascidas.,Estímulo pré-natal com conversas e músicas.
Quais são os efeitos da afetividade negativa da mã...,2.41,8.69,0.5,0.333,0.5,0.571,0.508,0.5,O afetividade negativa da me impair a regulaço emocional do filho.,"A afetividade negativa da mãe pode prejudicar a regulação emocional saudável de um filho, afetando seu desenvolvimento."
Qual é o impacto do desenvolvimento emocional na c...,2.99,3.93,0.452,0.138,0.323,0.75,0.675,0.5,O desenvolvimento emocional contribue a melhorar a confiança e a desempenho escolar em crianças.,Crianças com apoio emocional tendem a ter maior autoconfiança e rendimento escolar melhor.
Quais aspectos influenciam o neurodesenvolvimento ...,6.03,4.52,0.1,0.0,0.1,0.4,0.325,0.5,O ambiente e o trabalho influenciam o desenvolvimento adolescente.,"Experiências com cuidadores, amizades e valores culturais da família."
Quais fatores estão associados a uma sensibilidade...,6.08,2.55,0.0,0.0,0.0,0.375,0.324,0.5,"A sensibilidade tendenciosa está asociada a uma sensibilidade ao desenvolvimento emocionado, emocionado emocionado, emocionado emocionado.","Privação emocional na infância, cuidados parentais inadequados e experiências em orfanatos."
Qual é o papel do corpo estriado nos processos com...,3.18,8.32,0.27,0.114,0.27,0.286,0.234,0.5,"O corpo estriado ajuda na adolescência e a aprendizagem, ajudando a aprendizagem e a aprendizagem.","O corpo estriado está relacionado à avaliação social e sensibilidade em adolescentes, influenciando decisões e sentimentos sobre aceitação social."
Qual é o papel da amígdala em adolescentes ansioso...,3.38,2.48,0.333,0.071,0.2,0.375,0.324,0.5,O amgdala ajuda a integraço social em adolescentes ansiosos.,"A amígdala fica hiperativa em situações de avaliação de aceitação social, afetando respostas comportamentais e emocionais."
Qual papel a afetividade desempenha no processo de...,2.43,3.13,0.24,0.0,0.16,0.429,0.364,0.5,"Afetividade ajuda na aprendizagem e desenvolvimento, ajudando a aprendizagem e a desenvolvimento emocionais.",A afetividade tem um papel fundamental na modulação do crescimento cognitivo.
Quais são as mudanças no desenvolvimento cognitivo...,6.03,5.25,0.3,0.105,0.25,0.444,0.404,0.5,"O desenvolvimento cognitivo e cerebral envelhecem com o envelhecimento emocionado, emocionado emocionado emocionado.","O desenvolvimento cognitivo continua a se desenvolver até a idade adulta, mas o cérebro experimenta atrofia, perda de massa cerebral e redução na conectividade interneuronal."
Quais diferenças foram observadas entre o desenvol...,8.37,1.6,0.146,0.051,0.098,0.5,0.477,0.5,O desenvolvimento cognitivo de adultos jovens é diferente do desenvolvimento cognitivo de adultos velhos.,"Adultos velhos mostraram lentidão cognitiva e diminuição no processamento sensório-motor, impactando o desempenho diário, enquanto a vida afetiva não exibe perdas semelhantes."
Quais são os transtornos que afetam negativamente ...,8.64,6.41,0.154,0.0,0.154,0.125,0.118,0.5,"Transtornos emocionais, emocionais, emocionais emocionais.","Transtornos de Humor, incluindo distúrbios da afeto."
Quais quatro componentes originais da teoria dos h...,10.1,1.82,0.062,0.0,0.062,0.375,0.338,0.5,"Os componentes originales so a teoria dos humores, a teoria dos sentimentos, a teoria dos sentimentos, a teoria dos sentimentos e a teoria dos sentimentos.","Bile negra, bile amarela, fleuma e sangue."
Quão pode afetar o humor e como os medicamentos in...,3.28,19.9,0.486,0.229,0.432,0.714,0.607,0.5,"A distrbio do humor pode afetar o comportamento emocional, e os medicamentos influenciam o distrbio do humor.","O humor pode ser afetado por condições, e os medicamentos podem antecipar ou piorar o distúrbio do humor."
Quais sintomas afetam o cérebro devido a privação ...,6.32,3.03,0.229,0.0,0.171,0.444,0.376,0.5,"A privaço de sono e perturbaço do humor afetam o cérebro emocionalmente, cognitivamente, emocionalmente, emocionalmente.","Lapses de memórias, percepção distorcida da cognição, diminuição da serotonina, ansiedade, mal-estar."
Qual é um agravante que pode contribuir para mudan...,4.14,3.22,0.0,0.0,0.0,0.143,0.134,0.5,Agravante emocionado emocionado emocionado.,"Isolamento social, levando a um déficit de reconhecimento emocional."
Qual é a principal diferença entre depressão unipo...,3.3,7.18,0.286,0.0,0.286,0.375,0.338,0.5,"Depresso unipolar é unipolar, enquanto transtorno bipolar é bipolar.","Depressão unipolar envolve tristeza persistente, enquanto bipolar oscila entre mania e depressão."
Quais regiões do córtex cingular são envolvidas no...,6.22,0.41,0.169,0.087,0.169,0.545,0.523,0.5,Regies do córtex cingular so envolvidas nos transtornos de humor mais prevalentes.,"O giro do córtex cingular anterior, particularmente as subdivisões rostrais e ventrais, está envolvido nos processos emocionais. A subdivisão caudal está associada a processos cognitivos e autocontrole. Em depressão maior e transtorno bipolar, a porção subgenual rostral do córtex cingular e a amígdala mostraram atividade aumentada, enquanto o hipocampo experimentou atrofia."
Quais fatores são associados a interferências no e...,3.18,1.64,0.167,0.118,0.167,0.4,0.354,0.5,Interferências na estado afetivo-social so relacionadas com a cogniço emocional.,"Fatores individuais, psicológicos, ambientais e alta correlação genética estão envolvidos, afetando a cognição e a qualidade de vida."
Qual fonte discute a integração multisensorial e o...,22.41,0.67,0.0,0.0,0.0,0.333,0.31,0.5,A integraço multisensorial e o envelhecimento.,Kaohsiung J Med Sci. 2022 Jul;38(7):703-711. doi: 10.1002/kjm2.12539.
Quais fatores podem prever a expressão emocional d...,13.38,2.29,0.0,0.0,0.0,0.455,0.406,0.5,A expresso emocional depende do contexto em crianças de meio idoso é depende do tempo emocional.,O estresse infantil é um indicador que pode prever o que?
Quais são as funções cognitivas discutidas no estu...,4.34,2.58,0.222,0.0,0.167,0.5,0.386,0.5,"O estudo de gnosi envolve o estudo de funçes cognitivas, incluindo a aprendizagem, a aprendizagem e a aprendizagem cognitiva.","Gnosia envolve reconhecer estímulos, independente da sensação, transformando a sensação em percepção."
Qual é a função principal da segunda unidade funci...,4.11,2.84,0.0,0.0,0.0,0.444,0.376,0.5,O segundo unidade funcional do cérebro está a trabalhar em relaço às gnosias.,"Receber, analisar e armazenar informações."
Quais condições podem causar agnosia?...,4.66,3.76,0.128,0.044,0.128,0.2,0.138,0.5,"Agnosia pode ser causada pelo infecço envolvido na aprendizagem, afetaço emocional, afetaço emocional, afetaço emocional, afetaço emocional.","Agnosia pode resultar de derrames, tumores, infecções, demência, hipóxia, envenenamento, traumatismo craniano, distúrbios do desenvolvimento ou outras condições neurológicas."
Quais sintomas podem indicar agnosia visual em um ...,8.24,2.52,0.057,0.0,0.057,0.429,0.364,0.5,"Agnosia visual pode encontrar sintomas como disorientaço, disorientaço, disorientaço, disorientaço, disorientaço, disorientaço, disorientaço.","Incapacidade de diferenciar objetos como garfos e facas; problemas na vida cotidiana, como se vestir."
Quais são as duas formas de agnosias descritas no ...,5.45,6.57,0.2,0.0,0.2,0.167,0.155,0.5,Agnosias na aprendizagem e agnosias na aprendizagem.,Aperceptiva e associativa.
Que sintomas podem apresentar alguém com agnosia a...,5.24,3.12,0.0,0.0,0.0,0.2,0.177,0.5,Agnosia associativa é uma agnosia de entendências e emoçes emocionais.,"Dificuldade em identificar objetos familiares na mão oposta ao dano, anosognosia."
Quais distúrbios são associados a agnosias visuais...,2.44,15.99,0.381,0.316,0.381,0.286,0.254,0.5,"Distrbios visuales, auditivas e táteis.","Distúrbios de reconhecimento visuais, auditivas e táteis sem déficits sensoriais ou cognitivos."
Quais são os 4 tipos de agnosia visual mencionados...,3.15,10.6,0.5,0.2,0.423,0.667,0.583,0.5,"Os 4 tipos de agnosia visual so agnosia de objetos, agnosia de figuras, agnosia de figuras, agnosia de figuras e agnosia de figuras. O vnculo da prosopagnosia é com a face.","Os 4 tipos são prosopagnosia, agnosia de objeto, simultanagnosia, agnosia de textura e afantasia. A prosopagnosia é relacionada a reconhecimentos de rostos."
Qual é a diferença entre simultagnosia dorsal e ve...,2.71,16.58,0.452,0.207,0.452,0.5,0.4,0.5,"Simultagnosia dorsal é apenas a aprendizagem, enquanto simultagnosia ventral é a aprendizagem emocionada.","Simultagnosia dorsal impede a visão de múltiplos objetos, enquanto simultagnosia ventral impede a compreensão da imagem inteira."
Qual lesão cerebral está associada à agnosia das c...,2.83,34.49,0.571,0.385,0.571,0.571,0.486,0.5,Agnosia das cores está associada a lesiones na córtex temporal.,Agnosia das cores está associada a uma lesão na região occipitotemporal esquerda do cérebro.
Quais são as duas abordagens na reabilitação neuro...,3.57,9.65,0.462,0.0,0.462,0.143,0.127,0.5,Reabilitaço neuropsicológica e reabilitaço neurocognitiva.,Restauração e compensação.
Que tipo de reabilitação é considerado mais eficaz...,3.2,2.84,0.211,0.118,0.211,0.0,0.0,0.5,A reabilitaço envolve aprender a reconhecer objetos e aprender a reconhecer os objetos.,Reabilitação de restauração.
Qual é o termo para agnosia auditiva generalizada ...,9.94,19.38,0.571,0.4,0.571,0.333,0.333,0.5,Agnosia auditiva generalizada.,Agnosia auditiva (AA) geral
Qual condição distingue a AA da afasia de Wernicke...,3.6,10.25,0.276,0.148,0.207,0.25,0.225,0.5,"Afasia de Wernicke é afasia de comunicaço, enquanto AA é afasia de comunicaço.","AA pode apresentar anosognosia, mas a afasia de Wernicke é distinta pelo uso normal da linguagem escrita."
Quais condições podem levar à agnosia de som ambie...,15.16,2.26,0.105,0.0,0.105,0.333,0.278,0.5,Agnosia de som ambiental é uma condiço na que a percepço de som ambiental no é suficiente.,"Acidentes cerebrovasculares, lesões de lobos temporais, encefalite por herpes simples, síndrome de Landau-Kleffner, demência, formas congênitas."
Quais testes são necessários para determinar a ori...,6.37,2.96,0.189,0.039,0.189,0.125,0.108,0.5,"Os testes incluem o teste de audiência, o teste de audiência, o teste de audiência, o teste de audiência, o teste de audiência e o teste de audiência.","Necessário realizar audiométricos, teste de emissão otoacústica e potencial evocado auditivo de tronco encefálico."
Quais são os três tipos de agnosia tátil mencionad...,3.23,12.76,0.375,0.143,0.375,0.286,0.254,0.5,"Agnosia tátil, agnosia infantil e agnosia adulta.","Amorfognosia, agnosia de contorno e agnosia de forma."
Qual é um exemplo de agnosia tátil relacionada ao ...,4.73,18.8,0.333,0.182,0.333,0.667,0.633,0.5,Agnosia tátil envolve a reconhecimento de um objeto por sua textura e peso.,Ahilognosia - incapacidade de identificar qualidades distintas como textura e peso.
Quais são as etapas iniciais para aumentar a consc...,7.87,1.39,0.113,0.0,0.113,0.667,0.583,0.5,"Os etapas iniciais so a aumentaço da consciência de um déficit, aumentaço da consciência de uma eficiência, e aumentaço da consciência de uma eficiência.",Apresentar estímulo na modalidade prejudicada; deixar que o paciente experimenta o mesmo estímulo na modalidade não prejudicada.
Qual é o foco da neurociência cognitiva na abordag...,3.69,2.17,0.324,0.057,0.27,0.778,0.739,0.5,O foco da neurociência cognitiva na abordagem da rehabilitaço de agnosias visuais e auditivas é na rehabilitaço de agnosias visuais e auditivas.,Estabelece diretrizes neurocientíficas para a recuperação da agnosia visual e auditiva.
Quais áreas encefálicas são ativadas durante a aqu...,4.28,3.09,0.091,0.0,0.091,0.75,0.708,0.5,Os áreas encefálicas so ativadas durante a aquisiço da linguagem em crianças.,Áreas envolvidas incluem processamento visual e auditivo.
Quais sons são usados nas línguas nativas para tra...,1.94,4.52,0.095,0.0,0.095,0.111,0.106,0.5,Sons emocionais e sons emocionais emocionais e sons emocionais.,Bebês usam sons vocais para transmitir significado em línguas nativas.
Quais são os benefícios da informação visual no co...,2.92,2.33,0.13,0.0,0.087,0.0,0.0,0.5,"Os benefcios incluem facilitaço de entendências emocionais, facilitaço de entendências emocionais, facilitaço de entendências emocionais, facilitaço de entendências emocionais.","A informação visual, como os movimentos da boca, ajuda na compreensão da fala, especialmente em ambientes barulhentos."
Quais fatores contribuem para a dificuldade de apr...,6.47,2.57,0.19,0.0,0.19,0.6,0.573,0.5,Falantes de lnguas nativas em segundo lugar têm dificuldade de aprendizado de lnguas nativas em segundo lugar.,Desempenho em tarefas gramaticais diminui com a idade de chegada; aprendizado prévio impede a detecção de padrões na segunda língua.
Qual é o efeito da maturidade e experiência na aqu...,2.83,12.23,0.4,0.261,0.4,0.333,0.278,0.5,Maturidade e experiência ajudam na aquisiço de lnguas.,Maturidade e experiência promovem um período crítico para o desenvolvimento da linguagem.
Qual é a importância da experiência no fechamento ...,1.94,26.0,0.611,0.412,0.556,0.6,0.55,0.5,Experiência fechamenta a janela de aprendizado de uma nova lngua na vida posterior.,"A experiência pode fechar a janela de aprendizado de uma nova língua, limitando o aprendizado em fases posteriores da vida."
Que áreas do cérebro são responsáveis pela interpr...,2.23,11.62,0.408,0.255,0.408,0.364,0.307,0.5,O córtex pré-frontal e o córtex pré-frontal so responsáveis em interpretaço do significado das palavras e organizaço da articulaço da fala.,"A área de Wernicke processa o significado das palavras, e a área de Broca organiza a articulação da fala."
Quais áreas do cérebro são envolvidas na transform...,6.83,1.36,0.242,0.065,0.242,0.0,0.0,0.5,O córtex parietal e o córtex occipital so envolvidos.,"As áreas de Wernicke, Broca, córtex visual esquerdo, áreas auditivas correspondentes, Exner, e as regiões pré-motora estão envolvidas."
Quais áreas cerebrais são envolvidas no processame...,5.94,5.04,0.19,0.05,0.19,0.0,0.0,0.5,"O córtex pré-frontal, o córtex pré-frontal, o córtex pré-frontal, o córtex pré-frontal, o córtex pré-frontal.","Hemisfério esquerdo, regiões frontal, temporal, parietal, pré-frontal, giro do cíngulo, área insular esquerda."
Quais regiões do córtex cerebral são associadas à ...,5.0,3.22,0.067,0.0,0.067,0.143,0.134,0.5,"O córtex pré-frontal, o córtex pré-frontal, o córtex pré-frontal, o córtex pré-frontal.","O hemisfério cerebral esquerdo, áreas de Broca e Wernicke."
Que diferenças ocorrem na processedual da linguage...,3.96,1.12,0.203,0.0,0.102,0.364,0.299,0.5,Os indivduos bilngues com idade de aquisiço diferente do segundo lnguo têm diferenças na procesaço da linguagem.,"Em indivíduos bilíngues, a segunda língua é processada em diferentes partes da Área de Broca se aprendida na vida adulta, enquanto ambas as línguas são processadas na mesma área se aprendidas na infância."
Quais sintomas caracterizam a afasia de Broca?...,4.18,1.9,0.054,0.0,0.054,0.4,0.325,0.5,"Afasia de Broca é caracterizada pelo afasia de vocês, afasia de vocês, afasia de vocês, afasia de vocês, afasia de vocês.","Falta de articulação fluida, discurso lento e dificuldade em repetir palavras."
Qual é o principal problema na fala dos pacientes ...,5.98,4.03,0.077,0.0,0.077,0.429,0.364,0.5,Os pacientes com afasia de Wernicke têm problemas na linguagem emocional.,"Dificuldade na análise morfémica e fonêmica, resultando em parafasias fonêmicas."
Quais áreas do cérebro são afetadas na afasia de c...,5.62,4.3,0.186,0.049,0.186,0.333,0.25,0.5,"Afasia de conduço afecta áreas do córtex temporal, córtex parietal, córtex prefrontal, córtex prefrontal, córtex prefrontal, córtex prefrontal.","Giro temporal superior esquerdo, lobo parietal inferior esquerdo, córtex auditivo primário esquerdo, substância branca subcortical."
Qual lesão cerebral está associada à afasia global...,8.91,4.37,0.258,0.069,0.258,0.583,0.583,0.5,Afasia global clássica com fraqueza na hemiface direita e hemiparesia direita.,"Afasia global com lesões no Broca, núcleos da base, ínsula, áreas auditivas do córtex e Wernicke."
Qual é a característica principal da afasia transc...,14.47,1.73,0.0,0.0,0.0,0.5,0.464,0.5,"Afasia transcortical motora é caracterizada por afasia motora transcortical, afasia motora transcortical, afasia motora transcortical e afasia motora transcortical.",Falência na fluência da fala com capacidade preservada de repetir.
Qual é o padrão clínico da afasia transcortical mi...,5.58,2.72,0.0,0.0,0.0,0.5,0.5,0.5,"Afasia transcortical mista é uma afasia transcortical mista, com afasia transcortical mista com afasia transcortical.","Dificuldade de se expressar e entender, mas repetição de frases e músicas familiares."
Quais são os dois planos distintos na percepção vi...,5.08,2.41,0.258,0.0,0.258,0.0,0.0,0.5,O plano de percepço e o plano de aprendizagem.,O primeiro plano determina a entrada luminosa; o segundo envolve a interpretação do estímulo elétrico no cérebro.
Qual característica é essencial para a percepção v...,6.22,4.03,0.133,0.0,0.133,0.333,0.267,0.5,"A percepço visual construtiva é eficaz, precisa e precisa emoçes.",Propriedade e movimento harmoniosos.
Quais são as principais células receptoras envolvi...,7.05,5.67,0.118,0.0,0.118,0.429,0.402,0.5,Os células receptoras emocionais e células envolvidas emocionais.,"Fotorreceptores, quimiorreceptores, receptores térmicos e mecanorreceptores."
Quais são os seis tipos de mecanorreceptores encon...,5.0,1.54,0.056,0.0,0.056,0.5,0.464,0.5,"Os mecanorreceptores encontrados na tato so os mecanorreceptores envolvidos, os mecanorreceptores envolvidos, os mecanorreceptores envolvidos, os mecanorreceptores envolvidos, os mecanorreceptores envolvidos, os mecanorreceptores envolvidos e os mecanorreceptores envolvidos.","Movimentação, estiramento, deformação e vibração."
Qual é a função das células ciliadas internas e ex...,3.66,5.82,0.273,0.1,0.273,0.7,0.642,0.5,Os células ciliadas internas e externas ajudam na transduço do movimento da membrana basilar.,Elas ajudam na amplificação sonora.
Quais são as duas vias da projeção retinofugal de ...,9.49,0.53,0.138,0.0,0.138,0.25,0.25,0.5,O olho e o cérebro.,"A via visual primária, chamada de geniculo estriatal, e a via que dirige da retina até o colículo superior no tecto."
Qual é a função dos ganglionares da retina na visu...,8.91,3.82,0.0,0.0,0.0,0.4,0.325,0.5,Os ganglionares da retina ajudam na visualizaço emocionada.,"Controlam movimentos sacádicos rápidos e bruscos, como a leitura."
Quais vias são implicadas no processamento visual ...,4.66,2.93,0.143,0.0,0.071,0.462,0.431,0.5,O ncleo geniculado lateral é implicado no processamento visual e planejamento do movimento.,"As vias ventral e dorsal estão implicadas, com o córtex estriado como alvo principal."
Qual é o papel das áreas parietais posteriores do ...,3.44,3.67,0.148,0.0,0.074,0.667,0.606,0.5,Os áreas parietais posteriores do córtex cerebral so importantes na percepço espacial.,Coordenam informações sensoriais e motoras para reconhecimento e orientação do movimento.
Quais regiões do cérebro são envolvidas na rotação...,4.88,2.07,0.186,0.049,0.186,0.167,0.133,0.5,"A rotaço mental envolve o córtex pré-frontal, o córtex pré-frontal, o córtex pré-frontal, o córtex pré-frontal e o córtex pré-frontal.","Córtex parietal e processos cognitivos, incluindo atenção visual endógena."
Quais características são presentes em um paciente...,6.13,0.84,0.0,0.0,0.0,0.375,0.303,0.5,"A atrofia cortical posterior é caracterizada pelo deficiência em entender palavras, em entender palavras, em entender palavras.","Desempenho reduzido na percepção espacial, simultanagnosia, percepção de objetos, dispraxia de construção, agnosia ambiental, apraxia oculomotora, ataxia óptica, alexia, desorientação, acalculia, apraxia, prosopagnosia aperceptiva, agrafia, agnosia de dedos."
Quais sintomas podem indicar que alguém possui sín...,6.89,1.13,0.089,0.0,0.089,0.125,0.104,0.5,Sndrome de Irlen (SI) é caracterizada por apresentaçes emocionais emocionais emocionais emocionais emocionais emocionais.,"Baixa capacidade de leitura, sensibilidade à luz, distorção de fundo de olho, distorções gráficas, campo visual diminuído, dificuldade de fixação ocular e percepção alterada da profundidade."
Quais são as principais dificuldades visuais enfre...,5.53,9.13,0.321,0.185,0.321,0.444,0.376,0.5,"Os pacientes com Doença de Parkinson enfrentam dificuldades na viso, como o movimento de olhos, o movimento de olhos, o movimento de olhos e o movimento de olhos.","Pacientes com Doença de Parkinson experimentam dificuldade com tarefas visuais cotidianas, diplopia, julgamento incorreto de objetos/distâncias, alucinações visuais e sensibilidade ao contraste prejudicada."
Quais são as alterações da percepção na doença de ...,7.05,1.44,0.167,0.0,0.167,0.0,0.0,0.5,"Alteraçes na percepço, como a diminuiço da velocidade de movimento, a diminuiço da velocidade de movimento, a diminuiço da velocidade de movimento, a diminuiço da velocidade de movimento, a diminuiço da velocidade de movimento.","DP apresenta anormalidades na visão de cores, visão de preto e branco, contraste e acuidade visual deteriorada."
Quais são sinais precoces importantes no diagnósti...,6.68,2.02,0.182,0.1,0.182,0.4,0.3,0.5,"Os sinais precoces incluem deficiências cognitivas, cognitivos emocionais, cognitivos emocionais, cognitivos emocionais, cognitivos emocionais.",Deficiências de capacidade visuoespacial e visuoperceptual.
Quais alterações no processamento visual cortical ...,4.59,4.74,0.286,0.0,0.238,0.375,0.312,0.5,"Alteraçes na processamento visual cortical, incluindo alteraçes na aprendizagem, aprendizagem visual, aprendizagem emocional e aprendizagem emocional.","Pacientes sintomáticos apresentam alteração no processamento cortical visual, com diminuição na seletividade de resposta e discriminação de formas e cenas."
Quais são algumas das referências citadas no texto...,33.12,1.4,0.151,0.039,0.151,0.6,0.467,0.5,"Os referências citadas na texto incluem referências asociadas às células, células emocionais, células emocionais, células emocionais e células emocionais.","Referências incluem trabalhos de Roberto Lento, Eric Kandel, Ramsey R., Carla Dalmaz, Jorge Quillfeld, Maria Elisa Calcagnotto, EEM Stewart, FT Hartmann, Y Morgenstern, e David Wolk."
"Qual é a diferença entre ""memória"" e ""memórias"" na...",2.37,11.71,0.4,0.105,0.35,0.5,0.438,0.5,"""Memória"" na literatura refere a uma memória, e ""memórias"" na literatura refere a uma série de memórias.","""Memória"" refere-se a um mecanismo de armazenamento, enquanto ""memórias"" são experiências individuais armazenadas."
Quais são os dois tipos de memória com base na nat...,3.52,10.68,0.429,0.167,0.429,0.143,0.134,0.5,Memória emocionária e memória emocionária.,Memória objetiva e subjetiva.
Quais regiões do cérebro são envolvidas na memória...,2.92,1.85,0.386,0.291,0.386,0.444,0.404,0.5,Mesmória de longa duraço e memória de curto prazo.,"A memória de longa duração envolve o hipocampo e regiões associativas límbicas do lobo temporal medial. A memória de curto prazo é conhecida como memória de trabalho, mas as regiões específicas não são mencionadas no texto."
Qual é o papel do córtex préfrontal na memória de ...,2.87,20.19,0.514,0.424,0.514,0.667,0.556,0.5,"O córtex préfrontal ajuda na memória de trabalho, ajudando na aprendizagem, aprendizagem e aprendizagem.","O córtex préfrontal é crucial para a memória de trabalho, como demonstrado em estudos com macacos."
Qual é o processo necessário para a codificação pr...,3.06,2.72,0.286,0.121,0.229,0.571,0.452,0.5,O processo necessário para a codificaço profunda na memória explcita é a reorganizaço do código emocional.,"Codificação profunda requer atenção, motivação e conexão com informações existentes."
Qual função é realizada pelo lobo temporal medial ...,3.83,3.74,0.16,0.0,0.16,0.375,0.312,0.5,"O lobo temporal medial está envolvido em aprendizagem, aprendizagem e aprendizagem emocionais.","Contribui para a consolidação profunda, evocação e memória de trabalho."
Qual região do cérebro é responsável pela forma te...,1.99,2.57,0.111,0.0,0.111,0.0,0.0,0.5,O córtex pré-frontal.,O lobo temporal medial é responsável pelo armazenamento temporário de memórias.
Qual área do córtex está relacionada à memória sem...,7.87,3.72,0.167,0.0,0.167,0.125,0.118,0.5,Córtex pré-frontal.,"Neocórtex, incluindo lobos temporal lateral e ventral."
Que tipos de Priming foram descritos no texto?...,4.18,8.05,0.375,0.143,0.375,0.2,0.2,0.5,Priming e Priming e Priming e Priming e Priming e Priming.,Priming conceitual e Priming sensorial.
Qual é o papel do córtex extraestriatal no process...,2.53,6.23,0.41,0.216,0.41,0.571,0.508,0.5,"O córtex extraestriatal ajuda em aprendizagem, memória e aprendizagem emocionais.","O córtex extraestriatal é envolvido no aprendizado progressivo e na formação de memórias, especialmente em relação às memórias intrínsecas e hábitos."
Qual papel desempenha o sono na consolidação das m...,2.87,2.93,0.312,0.133,0.312,0.333,0.292,0.5,O sono ajuda na consolidaço das memórias.,"O sono influencia a transformação da memória temporária em memórias estáveis, afetando memórias emocionais, declarativas e processuais."
Quais são os benefícios do sono na consolidação da...,3.03,25.38,0.634,0.513,0.634,0.5,0.386,0.5,O sono ajuda na consolidaço da memória de aprendizado e ajuda na aprendizaço de novas ideias.,"O sono ajuda na consolidação da memória de aprendizado, facilitando aative reativação e a redução da demanda atencional."
Qual é o impacto de não seguir um ciclo circadiano...,12.57,4.5,0.2,0.0,0.2,0.714,0.67,0.5,O no seguir um ciclo circadiano impair a aprendizagem cognitiva.,"Erro no aprendizado, perda cognitiva, interferência no processamento visuoespacial."
Qual é o papel das microglias no sistema nervoso c...,9.64,1.25,0.118,0.0,0.118,0.444,0.376,0.5,Microglias ajudam o sistema nervoso central em afetar os movimentos cognitivos.,"As microglias modulam sinapses no SNC, liberando interleucinas e fator de necrose tumoral, que estão relacionadas à regulação química do aprendizado."
Quais citocinas liberadas por células T ativadas e...,6.42,2.41,0.077,0.0,0.077,0.923,0.923,0.5,Citocinas liberadas por células T ativadas e monócitos infiltrantes contribuem ao desenvolvimento de memórias durante a atividade cognitiva.,IL-4 e IL-10.
Quais conceitos são abordados no artigo de Kumar s...,3.96,5.44,0.286,0.231,0.286,0.25,0.236,0.5,"A memória semântica é a memória emocionada, a memória emocionada, a memória emocionada emocionada.","Metodologia, modelos e desafios atuais da memória semântica."
Qual é a definição da prática em termos de interaç...,4.02,5.17,0.421,0.222,0.368,0.167,0.133,0.5,O prático é a interaço com o mundo em qualquer modo.,"Prática é a habilidade que envolve pensamento consciente, conceitualização e organização da interação com o mundo, incluindo movimentos, funções sensoriais e motoras."
Quais áreas cerebrais estão envolvidas no controle...,3.89,6.15,0.312,0.2,0.312,0.0,0.0,0.5,"O córtex pré-frontal, córtex pré-central, córtex pré-central, córtex pré-central, córtex pré-central.","O córtex motor, o córtex somatossensorial e o cerebelo."
Quais são alguns exemplos de disfunção psicomotora...,29.68,1.84,0.162,0.0,0.108,0.2,0.156,0.5,"Disfunço psicomotora é a disfunço de movimentos emocionais, emoçes emocionais, emoçes emocionais emocionais.","Apraxia, ataxia, disartria; relacionados a Lesões cerebrais, Doença de
Alzheimer, acidente vascular cerebral, demência frontotemporal, esclerose
multipla, parkinsonismo."
Qual é o resultado de apraxia de planejamento em c...,6.62,3.23,0.133,0.0,0.067,0.6,0.514,0.5,Os crianças com TEA têm apraxia de planejamento em todos os olhos.,"Incapacidade ou ambiguidade no planejamento de atos motor, afetando a execução adaptada de ações."
Quais áreas do cérebro são envolvidas na produção ...,3.28,6.29,0.227,0.143,0.227,0.0,0.0,0.5,"O córtex pré-frontal, o córtex pré-frontal, o córtex pré-frontal, o córtex pré-frontal, o córtex pré-frontal, o córtex pré-frontal.","A área motora primária (M1), área pré-motora e córtex pré-frontal."
Qual é a principal via do comando motor humano e s...,6.13,1.26,0.07,0.0,0.07,0.5,0.438,0.5,"O comando motor humano é a via do córtex pré-frontal, a via do córtex pré-frontal, a via do córtex pré-frontal, a via do córtex pré-frontal e a via do córtex pré-frontal.",Via piramidal controla movimentos voluntários e precisos; divide-se em controle dos movimentos distais e proximais.
Qual é a função do sistema nervoso autônomo?...,3.66,3.42,0.143,0.0,0.071,0.6,0.467,0.5,O sistema nervoso autônomo está a trabalhar em relaçes cognitivas.,"Controla funções corporais involuntárias como respiração, circulação sanguínea e digestão."
Quais são as principais características de uma cri...,4.31,4.55,0.105,0.0,0.105,0.0,0.0,0.5,"Os crianças com TEA têm deficiências cognitivas, emoçes cognitivas, emoçes cognitivas, emoçes cognitivas.","Falta coordenação de funções sensoriais, motoras, cognitivas, de linguagem, levando a prejuízos no comportamento e desenvolvimento."
Quais distúrbios são causados por lesões ou doença...,4.02,6.02,0.267,0.071,0.267,0.417,0.375,0.5,"Distrbios motoras, como distrbios de movimento, afetando a capacidade de realizar tarefas motoras especficas.","A apraxia, resultante de lesões cerebrais ou doenças neurológicas, impede tarefas motoras coordenadas."
Quais são os sintomas e o processo diagnóstico da ...,3.38,2.0,0.169,0.035,0.136,0.333,0.258,0.5,"O apraxia ideomotora é caracterizada pelo insufficiência de movimentos emocionais, como movimentos emocionais, movimentos emocionais, movimentos emocionais, movimentos emocionais, movimentos emocionais, movimentos emocionais, movimentos emocionais, movimentos emocionais, movimentos emocionais, movimentos emocionais, movimentos emocionais, mov",A apraxia ideomotora afeta a capacidade de realizar movimentos complexos. O diagnóstico envolve avaliação de tarefas motrças específicas por um especialista.
Qual é uma característica da dispraxia verbal?...,4.28,4.99,0.133,0.0,0.133,0.5,0.361,0.5,Dispraxia verbal é caracterizada pelo deficiência em entender palavras.,A incapacidade de articular palavras corretamente.
Quais são as consequências do comprometimento do c...,3.28,3.87,0.27,0.057,0.27,0.571,0.486,0.5,Comprometimento do controle motor nos msculos na apraxia impair a aprendizagem.,Comprometimento no controle motor causa dificuldade na execução de movimentos voluntários devido a problemas na transmissão de informações entre regiões cerebrais.
Qual é a forma mais elementar de comando motor coo...,10.92,2.29,0.0,0.0,0.0,0.5,0.417,0.5,"A comando motor coordenado é uma resoluço de movimento emocionada, emocionada emocionada, emocionada emocionada.",Os arcos reflexos na medula espinal ou no tronco encefálico.
Quais efeitos as lesões do sistema nervoso central...,2.87,15.07,0.378,0.286,0.378,0.778,0.739,0.5,Leses do sistema nervoso central podem ter efeitos nas reflexos espinhais.,"Lesões do sistema nervoso central podem causar mudanças significativas na intensidade dos reflexos espinhais, que ajudam no diagnóstico de distúrbios neurológicos."
Qual é o mecanismo por trás do reflexo miotático i...,5.41,13.56,0.333,0.235,0.333,0.5,0.464,0.5,"O reflexo miotático inverso é um reflexo miotático inverso emocionado, emocionado emocionado emocionado.","O reflexo miotático inverso envolve o relaxamento de um músculo sob força contrativa, regulando assim a força muscular."
Quais são as principais diferenças entre o reflexo...,5.41,23.77,0.415,0.314,0.415,0.429,0.402,0.5,"O reflexo miotático inverso é inverso do reflexo miotático, enquanto o reflexo miotático é inverso do reflexo miotático.","O reflexo miotático inverso é dissináptico devido à transmissão por um interneurônio inibitório, levando ao relaxamento do músculo, enquanto o reflexo miotático é excitante, causando a contração muscular."
Quais são as funções dos reflexos de extensão cruz...,3.08,6.63,0.348,0.136,0.348,0.545,0.487,0.5,Os reflexos de extenso cruzada e retirada do flexor ajudam na manutenço da postura e na marcha.,"O reflexo de extensão cruzada aumenta o suporte postural, enquanto o reflexo de retirada do flexor facilita a contração do músculo flexor durante a marcha."
Qual papel os centros superiores desempenham nos r...,2.94,19.97,0.471,0.267,0.471,0.5,0.472,0.5,Os centros superiores desempenham o controlo de reflexos.,Os centros superiores controlam e regulam continuamente os reflexos.
Quais são as funções principais do cerebelo no con...,4.73,1.88,0.311,0.0,0.222,0.667,0.619,0.5,"As funçes principais do cerebelo so o controle dos movimentos, o controle dos movimentos, o controle dos movimentos, o controle dos movimentos e o controle dos movimentos.","O cerebelo prepara e controla movimentos harmoniosos, verificando a precisão do timing e da execução."
Quais são as três áreas importantes do cerebelo pa...,4.45,4.46,0.118,0.0,0.118,0.167,0.139,0.5,"O córtex cerebelo, o córtex cerebellar e o córtex occipital.","Vestibulocerebelo, espinocerebelo e cerebrocerebelo."
Qual é a função do lobo floculonodular em relação ...,9.05,4.77,0.0,0.0,0.0,0.5,0.438,0.5,O lobo floculonodular ajuda em ajustar a postura.,Regula ajustes posturais usando informações do labirinto vestibular.
Qual função é atribuída ao verme espinal e cerebra...,9.34,3.25,0.267,0.0,0.2,0.444,0.376,0.5,O verme espinal e cerebral atribui uma funço de controlo dos msculos e movimento.,"Controles os músculos proximais, postura, locomoção, movimento ocular e afeta distantias dos membros."
Quais estruturas no sistema nervoso são responsáve...,4.7,9.24,0.414,0.148,0.414,0.364,0.315,0.5,O sistema nervoso está responsável para a suavizaço e harmonizaço dos movimentos voluntários.,O espinocerebelo contribui para a suavidade e harmonia dos movimentos dos membros.
Quais funções os microcomplexos cerebelares desemp...,3.83,2.71,0.333,0.15,0.286,0.778,0.778,0.5,Os microcomplexos cerebelares desempenham aprendizado motor e atividade mental.,"Os microcomplexos cerebelares facilitam o aprendizado motor através da redução da atividade das fibras paralelas e detecem erros de movimento, enquanto também envolvem funções mentais semelhantes a processos motores."
Qual é a diferença marcante entre as lesões cerebe...,2.8,1.27,0.07,0.0,0.07,0.375,0.303,0.5,"Os leses cerebelares so diferentes dos leses em outros centros, como a diminuiço na capacidade de aprender, a diminuiço na capacidade de aprender, a diminuiço na capacidade de aprender, e a diminuiço na capacidade de aprender.","Lesões cerebelares implicam erros dos movimentos, enquanto outras lesões levam à paralisia dos movimentos voluntários."
Quais são as funções executivas e sua importância ...,3.72,1.58,0.263,0.111,0.263,0.167,0.139,0.5,"Funçes executivas so funçes de aprendizagem, aprendizagem e aprendizagem emocionais.","Funções executivas incluem habilidades de planejamento, organização, execução e controle, essenciais para a independência pessoal e sucesso acadêmico, profissional e social."
Quais problemas podem surgir se as funções executi...,2.64,3.01,0.118,0.0,0.118,0.636,0.587,0.5,"Se as funçes executivas forem comprometidas devido a um traumatismo craniano, problemas com a aprendizagem.","Dificuldades em tarefas diárias, tomada de decisões, emoções e adaptação a novas situações."
Quais condições podem afetar a função executiva co...,4.66,3.09,0.0,0.0,0.0,0.7,0.668,0.5,A flexibilidade cognitiva e o controle inibitório podem afetar a funço executiva.,"Doenças neurodegenerativas, transtornos mentais, uso de drogas, envelhecimento."
Quais três habilidades cognitivas principais são i...,5.75,3.09,0.0,0.0,0.0,0.5,0.481,0.5,Os habilidades cognitivas so independentes mas interagem no Modelo das Funçes Executivas.,"Memória de trabalho, controle inibitório e flexibilidade mental."
Qual é a importância dos modelos teóricos das funç...,4.88,2.84,0.0,0.0,0.0,0.5,0.386,0.5,Os modelos teóricos das funçes executivas so importantes em entender os efeitos emocionais.,Orientar e organizar estratégias de avaliação e intervenção.
Qual método é usado para avaliar funções executiva...,3.2,6.57,0.429,0.167,0.286,0.273,0.261,0.5,Autoavaliaço de habilidades e estratégias de enfrentamento.,Questionários de autoavaliação.
Que vantagens e desvantagens apresenta a observaçã...,4.55,4.55,0.2,0.053,0.15,0.25,0.202,0.5,"O observaço direta é melhor em avaliaço de funçes executivas, mas é melhor em avaliaço de funçes cognitivas.","Os pontos fortes incluem a avaliação em tempo real, mas pode ser influenciada pelos comportamentos e habilidades observados."
Quais metodologias fornecem insights sobre o uso d...,5.62,5.06,0.143,0.077,0.143,0.222,0.194,0.5,"Metodologias como estudos em ambientes naturales, estudos em ambientes artificiales, estudos em ambientes artificiales.",Avaliações de habilidades executivas em ambientes naturais e exames de imagem cerebral (fMRI).
Quais fatores influenciam a decisão de encaminhar ...,5.58,4.03,0.091,0.0,0.091,0.714,0.67,0.5,Fatores influenciam a deciso de encaminhar um paciente a um especialista.,"Resultados da avaliação, objetivos de tratamento, comprometimento cognitivo atípico."
Quais são as formas de preservar e proteger as fun...,4.18,3.13,0.0,0.0,0.0,0.167,0.125,0.5,"As funçes executivas so preservadas e protegidas pelo envelhecimento emocionado, emocionado emocionado emocionado.","Exercício físico regular, incluindo exercícios aeróbicos."
Qual atividade pode ajudar a melhorar as funções e...,4.81,1.44,0.0,0.0,0.0,0.0,0.0,0.5,"Actividades emocionais, como jogos, jogos de ftbol, jogos de ftbol, jogos de ftbol, jogos de ftbol, jogos de ftbol.",Treinamento cognitivo baseado em computador.
Quais são formas de preservar e melhorar as funçõe...,4.59,1.16,0.056,0.0,0.056,0.5,0.417,0.5,"Preservar e melhorar as funçes executivas so melhorar a capacidade de concentraço e concentraço, melhorar a capacidade de concentraço e concentraço, melhorar a capacidade de concentraço e concentraço, melhorar a capacidade de concentraço e concentraço, melhorar a capacidade de concentraço e concentraço.","Exercício físico, alimentação saudável, sono adequado, treinamento cognitivo, redução do estresse, atividade mental."
